feature_name,mean_importance,std_importance
word_count,0.4196839515715654,0.002491551335655407
sentence_count,0.19367132401239412,0.0029909042986428266
flesch_kincaid_grade,0.0945503116368626,0.0020596940421438704
mean_noun_phrase_modifiers,0.06426124958141961,0.0009819994432153016
pos_adv_ratio,0.05319591328002553,0.0014833226206671048
pos_verb_ratio,0.05291845827373413,0.00121747423642042
passive_ratio,0.03808910716326169,0.0009551782162893986
